customer_id,product_id
61899,30500
61899,39186
154077,56714
154077,11262
154077,1304
154077,57414
164337,30500
164337,1304
164337,63510
164337,57414
172056,11262
172056,39186
172056,33886
172056,10808
172056,1372
172056,63418
176643,56714
176643,35732
176643,57414
181593,56714
181593,33886
183213,1370
183213,56714
183213,54096
183213,11262
183213,39186
183213,62074
183213,16358
183213,124
183213,60
183213,3382
183213,10808
183213,1304
183213,35846
183213,33534
183213,63188
183213,59394
183213,57414
183213,63360
183213,63218
183213,63186
183213,53046
183912,35846
183912,63188
183912,57414
184698,1370
184698,1304
184698,63188
187101,1370
187101,11262
187101,35732
187101,61280
187101,62074
187101,1304
187101,10652
187101,63188
187101,63510
187101,57414
187101,59396
187806,1370
187806,56714
187806,54096
187806,11262
187806,35732
187806,36720
187806,39186
187806,57804
187806,61280
187806,16358
187806,124
187806,50274
187806,3382
187806,10808
187806,54290
187806,48298
187806,1304
187806,10652
187806,63188
187806,62944
187806,59394
187806,57414
187806,63360
187806,59396
187806,54864
188787,1370
188787,54096
188787,11262
188787,39186
188787,63188
188787,62944
188787,63510
188787,63360
188787,59396
188787,63540
194082,1370
194082,56714
194082,62074
194082,63188
205353,1370
205353,11262
205353,10652
206787,11262
206787,1304
206787,33534
207222,1370
207222,56714
207222,11262
207222,35732
207222,39186
207222,57804
207222,50274
207222,1304
207222,10652
207222,62944
207222,57414
207222,59396
209697,1370
209697,56714
209697,1304
217848,1370
217848,30500
217848,56714
217848,54096
217848,11262
217848,36720
217848,39186
217848,50274
217848,1304
217848,51974
217848,62944
217848,59394
217848,57414
217848,63218
217848,63136
229527,30500
229527,56714
229527,63188
229527,62944
229527,57414
229527,63360
229527,63218
229527,63186
230286,30500
230286,11262
230286,35732
230286,50274
230286,63188
230286,62944
230286,63510
230286,57414
230286,59396
230286,63538
230331,1370
230331,56714
230331,33886
230331,1372
230331,63510
232410,1370
232410,11262
232410,62074
236115,56714
236115,11262
236115,59394
236115,59396
236226,1370
236226,56714
236226,11262
236226,57804
236226,61280
236226,50274
236226,10652
236226,63188
236226,62944
236226,32496
236226,57414
236226,59396
238068,1370
238068,30500
238068,63188
56868,1370
56868,1372
88920,1370
88920,56714
88920,35732
88920,39186
88920,50274
88920,62944
88920,63510
88920,57414
88920,59396
154797,1370
154797,30500
154797,54096
154797,11262
154797,39186
154797,61280
154797,124
154797,33886
154797,50274
154797,1372
154797,1304
154797,10652
154797,59394
154797,63510
154797,57414
154797,63186
154887,1370
154887,56714
154887,1372
154887,63188
155556,1370
155556,11262
155556,1304
155556,63188
155556,63510
155556,57414
155556,59396
165687,16358
165687,1304
165687,35846
165687,33534
171939,1370
171939,11262
171939,63188
183195,1370
183195,56714
183195,39186
183195,1304
183195,63188
186384,1370
186384,56714
186384,11262
186384,35732
186384,62074
186384,35846
186384,63188
186384,62944
186384,63510
186384,57414
186384,63186
188331,1370
188331,30500
188331,56714
188331,61348
188331,54096
188331,11262
188331,36720
188331,39186
188331,57804
188331,61280
188331,16358
188331,50274
188331,10808
188331,54290
188331,1304
188331,10652
188331,53386
188331,63188
188331,62944
188331,59394
188331,63510
188331,57414
188331,63360
188331,59396
203502,30500
203502,11262
203502,33886
203502,1304
203502,62944
206433,30500
206433,56714
206433,11262
206433,39186
206433,62074
206433,33886
206433,1304
206433,63510
206433,57414
207996,1370
207996,1304
210141,30500
210141,11262
210141,35732
210141,39186
210141,63510
217782,1370
217782,30500
217782,56714
217782,54096
217782,11262
217782,36720
217782,57804
217782,61280
217782,124
217782,10808
217782,1304
217782,10652
217782,63188
217782,57414
217782,63360
217782,63540
218265,1370
218265,56714
218265,1304
218265,63188
218265,50718
220713,1370
220713,10652
220713,57414
222906,30500
222906,56714
222906,11262
222906,35732
222906,63510
231663,1370
231900,1370
231900,11262
231900,1304
231900,63188
231900,57414
232035,1370
232035,30500
232035,56714
232035,11262
232035,1304
232035,57414
232035,50718
234018,1370
234018,11262
234018,1304
234018,63510
234018,50718
234297,1370
234297,30500
234297,56714
234297,54096
234297,11262
234297,39186
234297,61280
234297,50274
234297,1304
234297,10652
234297,62944
234297,63510
234297,57414
234297,63218
234297,59396
234297,63136
244404,63360
244479,1304
244479,63188
244479,63510
244479,57414
60864,1370
60864,56714
60864,11262
60864,16358
60864,1304
60864,63188
60864,63510
60864,57414
72645,11262
72645,35732
72645,33886
72645,1304
165717,1370
165717,30500
165717,56714
165717,54096
165717,11262
165717,50274
165717,1304
165717,63188
165717,57414
173940,1370
173940,11262
173940,1304
175266,1370
175266,11262
175266,35732
175266,1304
175266,10652
175266,63188
175266,63510
175266,57414
189045,1370
189045,56714
189045,11262
189045,35732
189045,1372
189045,1304
189045,10652
189045,63188
189045,62944
189045,63510
189045,57414
198945,1370
198945,11262
198945,39186
198945,33886
198945,1304
198945,63188
198945,63510
198945,57414
204093,11262
204093,10652
204093,63188
204093,56696
205107,1370
205107,56714
205107,33886
205959,1370
205959,30500
205959,56714
205959,35732
205959,1304
205959,57414
211047,1370
211047,30500
211047,56714
211047,11262
211047,1304
211047,10652
211047,63188
212550,11262
212550,1372
212550,1304
212550,62944
234093,30500
234093,56714
234093,11262
234093,35732
234093,62074
234093,33886
234093,1304
234093,10652
234093,63510
234093,57414
234120,1370
234120,56714
234120,11262
60888,1370
60888,30500
60888,56714
60888,54096
60888,11262
60888,35732
60888,39186
60888,61280
60888,50274
60888,1304
60888,10652
60888,63188
60888,63510
60888,63360
60888,59396
60888,63540
61482,1370
61482,56714
61482,61280
61482,10808
61482,62944
61482,57414
64299,1370
64299,30500
64299,56714
64299,11262
64299,33886
64299,1304
64299,63188
154167,1370
154167,30500
154167,35732
154167,62074
154167,11490
154167,10808
154167,63188
154167,63510
154167,57414
154167,63186
164541,1370
164541,30500
164541,11262
164541,1304
164640,1370
164640,1304
164640,62944
172419,1370
172419,56714
172419,11262
172419,10652
172419,63510
178230,30500
178230,56714
178230,11262
178230,60
178230,35846
178230,57414
178458,1370
178458,30500
178458,56714
178458,54096
178458,11262
178458,39186
178458,50274
178458,10652
178458,63188
178458,62944
178458,59394
178458,63510
178458,57414
178458,59396
178830,30500
178830,56714
178830,11262
178830,63188
178830,57414
178830,63218
183105,1370
183105,30500
183105,56714
183105,61348
183105,54096
183105,35732
183105,36720
183105,39186
183105,57804
183105,61280
183105,16358
183105,33886
183105,50274
183105,54290
183105,48298
183105,1304
183105,35846
183105,10652
183105,63188
183105,62944
183105,59394
183105,63510
183105,32496
183105,57414
183105,63360
183105,59396
183105,63136
183105,63538
183450,56714
183450,1304
183450,63188
183450,62944
183450,32496
191232,1370
191232,56714
191232,50274
191232,1304
191232,63188
191232,57414
191232,59396
191250,1370
191250,1304
191250,62944
197673,1370
197673,30500
197673,56714
197673,11262
197673,1304
197673,35846
197673,63188
197673,63510
197673,57414
197673,63186
197673,56696
201837,56714
201837,11262
201837,1304
201837,57414
203259,1370
203259,56714
203259,11262
203259,35732
203259,1304
203259,62944
203259,59396
212211,1370
212211,30500
212211,56714
212211,11262
212211,57414
212748,54096
212748,11262
212748,1372
212748,1304
212748,63188
212748,63510
212748,56696
216981,1370
216981,1304
216981,63188
59691,1370
59691,30500
59691,63510
61908,1370
61908,56714
61908,11262
61908,16358
61908,1304
61908,63188
61908,63186
186174,1370
186174,30500
186174,56714
186174,54096
186174,11262
186174,35732
186174,39186
186174,33886
186174,50274
186174,3382
186174,1304
186174,10652
186174,62944
186174,63510
186174,32496
186174,57414
186174,59396
186174,63186
188937,56714
188937,11262
188937,10652
188937,63188
188937,62944
188937,57414
198867,1370
198867,30500
198867,56714
198867,62074
198867,33886
198867,1304
198867,63510
205659,1370
205659,30500
205659,56714
205659,11262
205659,62074
205659,33886
205659,10652
205659,63510
205659,57414
206940,1370
206940,30500
206940,56714
206940,11262
206940,36720
206940,39186
206940,57804
206940,62074
206940,50274
206940,1304
206940,53386
206940,62944
206940,59394
206940,63510
206940,57414
206940,63218
206940,59396
206940,63186
206940,56696
207339,30500
207339,56714
207339,11262
207339,35732
207339,36720
207339,57804
207339,124
207339,50274
207339,1304
207339,10652
207339,63188
207339,62944
207339,63510
207339,57414
207339,59396
207339,63186
212256,1370
212256,30500
212256,56714
212256,1304
212256,62944
212256,57414
212256,50718
213978,56714
213978,36720
213978,57804
213978,50274
213978,60
225501,1370
225501,56714
225501,11262
225501,35732
225501,39186
225501,62074
225501,124
225501,1304
225501,59394
225501,63510
225501,57414
225501,63360
225501,63186
225501,56696
225501,63418
227115,1370
227115,1304
227115,63510
227115,57414
66879,1370
66879,30500
66879,56714
66879,11262
66879,33886
66879,1304
66879,63188
66879,57414
66879,50718
153303,1370
153303,56714
153303,11262
153303,62074
153303,1304
153303,35846
153303,10652
153303,63188
153303,63510
153303,57414
153303,59396
154578,1370
154578,62074
154578,1304
154578,63188
164007,1370
164007,11262
164007,35732
164007,1304
172161,1370
172161,30500
172161,11262
172161,39186
172161,62074
172161,33886
172161,1304
172161,10652
172161,63188
172161,62944
172161,63510
172161,57414
172161,59396
179838,11262
179838,16358
179838,57414
179838,56696
194229,1370
194229,30500
194229,56714
194229,54096
194229,11262
194229,35732
194229,39186
194229,57804
194229,16358
194229,33886
194229,54290
194229,1304
194229,35846
194229,10652
194229,33534
194229,51974
194229,63188
194229,62944
194229,63510
194229,57414
194229,59396
194229,63186
194229,63418
194229,61540
194790,1370
194790,56714
194790,11262
194790,62074
194790,33886
194790,1304
194790,63188
194790,57414
197286,1370
197286,30500
197286,56714
197286,11262
197286,35732
197286,36720
197286,39186
197286,57804
197286,61280
197286,33886
197286,50274
197286,48298
197286,1304
197286,63188
197286,62944
197286,59394
197286,63510
197286,57414
197286,63218
197286,59396
197286,63136
197286,62376
197286,62378
203700,1370
203700,11262
203700,33886
203700,49888
203700,63510
203700,62274
210120,1370
210120,11262
210120,1304
220269,1370
220269,56714
220269,54096
220269,35732
220269,57804
220269,61280
220269,16358
220269,124
220269,50274
220269,3382
220269,51974
220269,63188
220269,62944
220269,32496
220269,57414
72483,1370
72483,30500
72483,56714
72483,11262
72483,39186
72483,33886
72483,50274
72483,10652
72483,62944
72483,63510
72483,57414
72483,59396
72483,50718
154707,1370
154707,30500
154707,56714
154707,54096
154707,124
154707,1304
154707,49888
154707,33534
154707,63188
154707,63510
154707,50718
163131,1370
163131,30500
163131,56714
163131,54096
163131,11262
163131,35732
163131,39186
163131,33886
163131,1372
163131,48298
163131,1304
163131,10652
163131,63188
163131,62944
163131,63510
163131,57414
163131,63360
163131,59396
163131,50718
163131,63136
165744,30500
165744,56714
165744,11262
165744,39186
165744,63510
165744,57414
165744,63186
186990,1370
186990,56714
186990,35732
186990,1304
196845,1370
196845,30500
196845,56714
196845,61348
196845,11262
196845,35732
196845,39186
196845,57804
196845,61280
196845,16358
196845,33886
196845,50274
196845,1304
196845,10652
196845,63188
196845,62944
196845,59394
196845,57414
196845,59396
198573,30500
198573,56714
198573,11262
198573,10652
203175,1370
203175,11262
203175,39186
203175,1304
203175,10652
203175,62944
205815,1370
205815,62074
205815,1304
205815,63188
206367,1370
206367,56714
206367,11262
206367,1304
206367,35846
206418,1370
206418,56714
206418,11262
206418,10808
206418,1304
206418,57414
206418,59396
210678,1370
210678,30500
210678,11262
210678,35732
210678,1304
210678,10652
210678,57414
210678,56696
242439,1370
242439,56714
242439,54096
242439,11262
242439,35732
242439,1304
242439,10652
242439,63510
242439,57414
25749,1370
25749,30500
25749,56714
25749,54096
25749,11262
25749,35732
25749,57804
25749,61280
25749,62074
25749,16358
25749,124
25749,33886
25749,50274
25749,3382
25749,1304
25749,35846
25749,10652
25749,50720
25749,63188
25749,62944
25749,59394
25749,63510
25749,57414
25749,59396
25749,63186
154551,1370
154551,33886
154551,1304
183573,1370
183573,30500
183573,56714
183573,11262
183573,1304
183573,10652
183573,63510
183573,57414
201522,56714
201522,36720
201522,50274
201522,63188
201522,59394
204144,1370
204144,16358
204144,1304
204144,63188
204144,62944
204144,57414
206772,1370
206772,30500
206772,56714
206772,54096
206772,11262
206772,39186
206772,1304
206772,10652
206772,63188
237300,1370
237300,11262
237300,35732
237300,124
237300,3382
237300,1304
237300,10652
237300,63188
237300,63510
237300,50718
237300,56696
88821,1370
88821,30500
88821,56714
88821,11262
88821,39186
88821,62074
88821,1304
88821,35846
88821,63188
88821,62944
88821,57414
88821,56696
128502,1370
128502,30500
128502,56714
128502,54096
128502,39186
128502,62074
128502,1304
128502,62944
128502,63510
128502,57414
128502,59396
128502,62274
128502,56696
155055,56714
155055,33886
155055,57414
157398,1370
157398,56714
157398,11262
157398,33886
157398,1304
157398,63188
157398,57414
183492,1370
183492,30500
183492,56714
183492,54096
183492,11262
183492,35732
183492,39186
183492,50274
183492,1304
183492,10652
183492,63188
183492,57414
183492,59396
188637,1370
188637,30500
188637,56714
188637,62074
188637,1304
188637,63188
188961,1370
188961,30500
192735,1370
192735,56714
192735,11262
192735,63510
195063,1370
195063,30500
195063,56714
195063,54096
195063,11262
195063,35732
195063,39186
195063,16358
195063,3382
195063,1304
195063,62944
195063,57414
203673,54096
203673,57414
203673,59396
204759,1370
207150,1370
207150,56714
207150,11262
207150,1304
207150,57414
207387,1370
207387,11262
207387,1304
207387,10652
207387,63188
207387,50718
210168,54096
210168,39186
210168,63188
210168,57414
62817,1370
62817,56714
62817,54096
62817,35732
62817,57804
62817,124
62817,50274
62817,62944
62817,59394
62817,57414
62817,63360
62817,59396
154146,1370
154146,56714
154146,62074
154146,63188
154146,57414
159831,1370
159831,57414
159831,62378
192771,56714
192771,11262
192771,35732
192771,62074
192771,33886
192771,1304
192771,62944
192771,63510
192771,57414
192771,63218
192771,59396
192771,50718
193323,1370
193323,30500
193323,56714
193323,11262
193323,62074
193323,33886
193323,1304
193323,62944
193323,63418
193323,61540
203820,1370
203820,56714
203820,1304
203820,63188
203820,63510
222894,1370
222894,56714
222894,1304
222894,35846
222894,63510
222894,57414
242409,1370
242409,30500
242409,11262
242409,1304
154245,1370
154245,11262
154245,1304
154245,63188
160029,1370
160029,30500
160029,1304
160029,63510
160029,57414
160029,50718
192549,56714
192549,50274
207216,1370
207216,11262
207216,35732
207216,1304
207216,62944
207216,63510
207219,1370
207219,30500
207219,56714
207219,11262
210876,1370
210876,16358
210876,33886
210876,1304
210876,35846
210876,63188
210876,63510
210876,57414
210876,56696
227988,1370
227988,11262
227988,35732
227988,62074
227988,1304
227988,10652
227988,57414
227988,62274
153312,1370
153312,30500
153312,56714
153312,54096
153312,11262
153312,10652
153312,63188
153312,63510
153312,57414
184485,1370
187707,1370
187707,30500
187707,56714
187707,11262
187707,35732
187707,39186
187707,57804
187707,16358
187707,50274
187707,48298
187707,1304
187707,63188
187707,62944
187707,59394
187707,63510
187707,57414
187707,63360
187707,59396
204795,56714
204795,1304
204795,62944
204795,63510
204795,57414
204795,59396
210171,11262
210171,59394
210171,63510
210171,59396
234972,1370
234972,11262
234972,62074
234972,1304
234972,63188
234972,50718
234972,56696
167571,1370
167571,30500
167571,56714
167571,16358
167571,10652
167571,63510
167571,57414
179853,56714
179853,39186
179853,62944
179853,63510
179853,57414
179853,63360
179853,63220
185067,1370
185067,11262
185067,1304
185067,63188
207078,30500
207078,56714
207078,11262
241824,1370
241824,56714
241824,11262
241824,33886
241824,62944
241824,63510
128469,1370
128469,56714
128469,11262
128469,62074
128469,1304
128469,63510
179496,1370
183789,1370
183789,56714
183789,11262
183789,62074
183789,33886
183789,1304
183789,10652
183789,63188
183789,56696
192300,30500
192300,56714
192300,54096
192300,11262
192300,35732
192300,39186
192300,63510
204222,1370
204762,1370
204762,11262
204762,35732
204762,33534
210840,62074
210840,57414
211950,1370
211950,30500
211950,56714
211950,11262
211950,35732
211950,39186
211950,62074
211950,16358
211950,1304
211950,62944
211950,63510
211950,57414
211950,63186
211950,50718
216648,30500
216648,11262
216648,1304
216648,57414
225669,1370
225669,35732
225669,1304
225669,35846
242388,30500
242388,56714
242388,11262
242388,33886
242388,63186
71409,1370
186657,1370
186657,56714
186657,54096
186657,11262
186657,39186
186657,16358
186657,1304
186657,10652
186657,62944
186657,63510
186657,57414
186657,59396
203100,30500
203100,56714
203100,11262
203460,1370
203460,56714
203460,57414
203790,1370
203790,30500
203790,11262
203790,35846
203790,63510
203790,57414
207243,1370
207243,56714
207243,11262
207243,61280
207243,63510
207243,57414
207243,62274
207243,63220
209994,1370
209994,56714
209994,11262
209994,1304
209994,50720
209994,57414
219021,1370
219021,30500
219021,56714
219021,11262
219021,1304
219021,10652
219021,50720
219021,63188
219021,57414
231909,1370
231909,54096
231909,59394
231909,57414
59703,56714
59703,11262
59703,35732
59703,39186
59703,33886
59703,50274
59703,1304
59703,10652
59703,63510
59703,57414
66777,1370
66777,30500
66777,56714
66777,11262
66777,1304
66777,10652
66777,63188
66777,57414
154542,1370
154542,62944
161526,1370
161526,11262
161526,39186
161526,16358
161526,33886
161526,1304
161526,35846
161526,10652
161526,63188
161526,57414
161526,56696
161526,63538
188700,30500
188700,11262
188700,39186
188700,63510
232455,1370
232455,56714
232455,11262
232455,10652
232455,63188
232827,1370
232827,30500
232827,56714
232827,11262
232827,35732
232827,1304
232827,10652
232827,63188
232827,57414
242430,1370
242430,35846
242556,1370
242556,30500
242556,56714
242556,11262
242556,1304
242556,57414
167652,1370
187734,1370
187734,56714
187734,62074
187734,1304
187734,57414
203112,11262
207102,35732
207102,39186
207102,10808
207102,1304
207102,10652
207102,63188
207102,62944
207102,63510
207102,59396
219048,1370
219048,56714
219048,62074
219048,1304
219048,57414
182292,1370
182292,30500
182292,56714
182292,35732
182292,1304
182292,10652
182292,63188
182292,57414
182292,63538
204657,1370
204657,16358
204657,10652
206670,11262
206670,35732
206670,1304
206670,35846
216498,1370
216498,30500
216498,11262
216498,16358
216498,62944
216498,57414
216498,56696
238689,1370
238689,56714
238689,1304
238689,57414
241329,1370
241329,57414
154698,56714
154698,50274
154698,60
154698,10808
187797,1370
187797,56714
187797,11262
187797,50274
187797,1304
187797,63188
187797,63510
187797,57414
187797,50718
210981,1370
210981,56714
210981,63510
129135,1370
129135,56714
129135,11262
129135,49888
129135,63188
129135,63510
129135,62860
183489,1370
183489,30500
183489,56714
183489,54096
183489,11262
183489,57804
183489,61280
183489,1304
183489,63188
183489,62944
183489,57414
183489,59396
183489,63186
194883,1370
194883,56714
194883,16358
194883,124
194883,1304
194883,63188
194883,62944
194883,59394
194883,57414
194883,59396
204522,1370
204522,54096
204522,11262
204522,10652
204522,63188
209622,1370
209622,56714
209622,35732
209622,50274
209622,1304
209622,35846
209622,33534
209622,63188
209622,62944
209622,57414
209622,59396
209622,62274
212283,1370
212283,11262
212283,1304
212283,63510
214506,1370
214506,11262
214506,16358
221115,1370
221115,56714
221115,11262
221115,57414
219522,1370
219522,56714
219522,11262
64734,1370
64734,11262
64734,35732
64734,1304
64734,10652
64734,63188
64734,57414
65631,1370
65631,11262
65631,1304
155481,30500
155481,1304
155481,35846
217494,1370
217494,33886
217494,1304
217494,10652
217494,63510
224925,1370
224925,30500
224925,56714
229539,56714
229539,39186
229539,33886
229539,50274
229539,59396
72045,1370
72045,30500
72045,56714
72045,11262
72045,35732
72045,62074
72045,16358
72045,1304
72045,63188
72045,63510
72045,57414
129081,1370
129081,56714
129081,54096
129081,35732
129081,62074
129081,16358
129081,50274
129081,35846
129081,62944
129081,57414
159033,33886
159033,63188
159033,63510
203082,30500
203082,56714
156225,1370
158742,1370
158742,56714
158742,1304
222669,56714
222669,11262
222669,10808
222669,1304
222669,63510
222669,59396
222669,63538
224631,1370
224631,11262
224631,63510
161403,56714
161403,11262
161403,35732
161403,33886
161403,1304
161403,49888
161403,63188
161403,57414
204228,1370
204228,30500
204228,11262
204228,63510
204228,57414
239556,1370
239556,56714
239556,11262
239556,1304
239556,63510
153048,1370
153048,56714
153048,35732
153048,1304
153048,63188
209637,1370
209637,56714
61977,30500
61977,56714
61977,11262
61977,62074
61977,33886
61977,62944
61977,56696
61977,63418
62337,56714
62337,54096
62337,39186
62337,50274
62337,10808
62337,63188
62337,57414
62337,59396
66378,30500
66378,56714
66378,62074
66378,33886
66378,1372
66378,1304
66378,62944
66378,57414
66378,59396
175293,1370
175293,11262
175293,1304
197595,1370
197595,30500
197595,56714
197595,11262
197595,1304
197595,63510
201852,1370
201852,30500
201852,56714
201852,39186
201852,124
201852,50274
201852,62944
201852,63510
201852,57414
227343,1370
227343,30500
227343,56714
227343,11262
227343,16358
227343,10652
227343,63188
227343,63510
227343,57414
239247,1370
239247,30500
239247,56714
239247,11262
239247,62074
176403,30500
176403,56714
176403,61348
176403,11262
176403,35732
176403,57804
176403,61280
176403,124
176403,33886
176403,50274
176403,3382
176403,10808
176403,48298
176403,35846
176403,10652
176403,63188
176403,59394
176403,63510
176403,32496
176403,57414
176403,63360
176403,63186
176403,63136
186378,1370
186378,56714
186378,11262
186378,1304
186378,63510
186378,57414
186378,56696
212721,1370
212721,30500
212721,56714
212721,11262
212721,50274
212721,1304
212721,63188
216108,1370
216108,30500
216108,56714
216108,11262
216108,35732
216108,61280
216108,1304
216108,10652
216108,63188
216108,63510
216108,57414
216108,56696
234021,1370
234021,30500
234021,56714
234021,11262
234021,33886
234021,1304
234021,63510
234021,57414
234021,62274
234021,62860
202959,56714
202959,1304
203445,1370
212775,56714
212775,57414
231102,30500
231102,54096
231102,11262
231102,35732
231102,39186
231102,124
231102,33886
231102,10652
231102,63510
231102,57414
244380,56714
244380,11262
244380,1304
244380,63510
244380,50718
206955,56714
206955,11262
206955,1304
206955,35846
206955,33534
206955,63186
230604,1370
230604,30500
230604,1304
165750,1370
165750,30500
165750,56714
165750,1304
165750,35846
165750,63188
165750,63186
165750,50718
165750,56696
183576,30500
183576,11262
183576,35732
183576,1304
188343,1370
188343,1304
213114,30500
213114,56714
213114,54096
213114,11262
213114,35732
213114,33886
213114,1304
213114,63188
66054,1370
66054,30500
66054,36720
66054,63510
71766,1370
71766,30500
71766,56714
71766,11262
71766,35732
71766,1304
71766,10652
71766,63510
71766,57414
154098,1370
154098,11262
154098,1304
154098,50718
187659,30500
187659,56714
187659,11262
187659,39186
187659,124
187659,33886
187659,50274
187659,63188
187659,63510
187659,57414
201564,30500
201564,56714
201564,54096
201564,11262
201564,61280
201564,62074
201564,1304
201564,49888
201564,10652
201564,63510
201564,57414
201564,62860
212112,11262
212112,63510
212112,63186
203775,1370
203775,10652
187962,1370
187962,56714
187962,11262
187962,35732
187962,1304
187962,62944
187962,63510
187962,57414
187962,63218
153381,1370
153381,56714
153381,33886
153381,57414
172503,1370
172503,30500
172503,11262
172503,35732
172503,1304
172503,63188
172503,63510
172503,57414
228060,1370
228060,30500
228060,56714
228060,39186
228060,16358
228060,33886
228060,1304
228060,35846
228060,63188
228060,57414
61692,1370
61692,56714
61692,11262
61692,39186
61692,57804
61692,61280
61692,16358
61692,50274
61692,48298
61692,1304
61692,10652
61692,63188
61692,62944
61692,57414
61692,63360
61692,59396
61692,63186
207828,1370
207828,35732
207828,63188
207828,62376
191223,1370
191223,56714
191223,33886
203178,1370
203178,56714
203178,11262
203178,39186
203178,16358
203178,1304
203178,63188
203178,57414
203178,63186
236490,1370
236490,56714
236490,35732
236490,1304
236490,35846
236490,57414
72558,1370
72558,30500
72558,56714
72558,11262
72558,62074
72558,1304
72558,35846
72558,10652
72558,62944
72558,57414
192159,1370
192159,30500
192159,56714
192159,11262
192159,62074
192159,63510
192159,57414
206850,11262
163251,56714
163251,57414
164064,1370
164064,30500
164064,11262
164064,16358
164064,1304
164064,63188
164064,63510
164064,57414
208806,1304
208806,35846
208806,63188
208806,62944
208806,57414
225276,1370
225276,30500
225276,56714
225276,1304
225276,63188
172587,1370
172587,11262
172587,1304
172587,35846
188196,1370
188196,11262
188196,62074
188196,63188
211965,1370
211965,56714
211965,11262
211965,16358
211965,1304
211965,35846
192618,1370
192618,56714
206349,56714
206349,11262
206349,33886
206349,1304
225699,1370
225699,56714
225699,33886
225699,1304
225699,10652
225699,63510
128334,1370
128334,30500
128334,11262
128334,63188
238536,1370
238536,30500
238536,11262
238536,62074
238536,33886
238536,1372
238536,63188
238536,57414
154434,1370
154434,39186
154434,10652
154434,57414
208476,1370
208476,63510
208476,57414
208476,62860
231459,1370
231459,16358
231459,50718
206376,30500
206376,56714
206376,61348
206376,11262
206376,39186
206376,10652
206376,62944
206376,63510
206376,57414
206376,59396
206376,54864
206376,57522
223968,1370
223968,30500
223968,56714
223968,11262
223968,1304
223968,62944
223968,57414
223968,50718
207927,1370
207927,63188
207927,63510
207366,56714
207366,11262
207366,1304
207366,33534
207366,57414
61902,1370
154113,56714
154113,1304
206358,1370
206358,56714
206358,11262
206358,33886
206358,1304
206358,62944
206358,63186
206496,56714
206496,11262
206496,33886
221751,62944
221751,57414
244446,1370
244446,11262
244446,62074
244446,63188
244446,57414
207618,1370
207618,56714
207618,35732
207618,10652
207618,63188
207618,59396
217380,1370
208572,1370
208572,30500
208572,56714
208572,54096
208572,11262
208572,50274
208572,10652
208572,63188
208572,59394
208572,57414
176607,1370
231162,1370
231162,11262
231162,35732
231162,33886
231162,1304
211767,1370
204141,1370
204141,56714
203232,1370
203232,11262
203232,62074
203232,1304
154473,1370
154473,56714
154473,33886
241389,1370
241389,11262
241389,1304
241389,63510
241389,57414
205728,1370
205728,33886
227973,1370
227973,30500
227973,56714
227973,11262
227973,35732
227973,39186
227973,10652
227973,63510
235299,1370
235299,56714
235299,11262
235299,10652
235299,63188
195507,56714
195507,11262
195507,59396
201282,62074
243408,1370
174513,56714
174513,57414
188730,1370
188730,56714
188730,54096
188730,11262
188730,39186
188730,61280
188730,1304
188730,63188
188730,32496
188730,57414
188730,59396
188730,63220
198882,1370
198882,30500
198882,56714
198882,11262
198882,39186
198882,62074
198882,33886
198882,59822
198882,1304
198882,63188
198882,62944
198882,63510
198882,57414
198882,59396
198882,56696
198882,63418
198882,62376
198882,62378
206442,56714
206442,33886
212220,1370
212220,56714
212220,61348
212220,16358
212220,10808
212220,1304
212220,63188
212220,59394
212220,57414
212220,63360
212220,59396
212220,63186
212220,63136
212430,1370
212430,30500
212430,56714
212430,11262
212430,39186
212430,62074
212430,16358
212430,63510
212430,57414
212526,30500
212526,56714
212526,35732
212526,33886
212526,10652
220728,1370
220728,30500
220728,56714
220728,11262
220728,1304
220728,10652
220728,63510
153756,1370
153756,56714
177903,1370
177903,11262
177903,1304
203133,1370
203133,30500
203133,56714
203133,11262
203133,35732
203133,1304
203133,10652
203133,62944
203133,63510
203133,57414
203796,1370
203796,56714
203796,11262
203796,35732
203796,39186
203796,61280
203796,50274
203796,1304
203796,10652
203796,53386
203796,63188
203796,63510
203796,57414
203796,59396
203796,63136
206460,30500
206460,11262
206460,1372
206460,1304
207129,56714
207129,1304
207129,57414
207129,56696
156057,1370
156057,56714
156057,35732
156057,63188
156057,57414
156057,63360
156057,63136
167316,1370
167316,30500
167316,56714
167316,11262
167316,63188
167316,62944
167316,63510
167316,57414
167316,63186
208341,1370
208341,56714
208341,11262
208341,33886
208341,50274
208341,10652
208341,55632
208341,57414
208341,55798
158499,1370
158499,56714
158499,1304
206361,56714
206361,1304
206361,33534
206361,62944
206667,30500
206667,56714
206667,35732
206667,62074
206667,1304
206667,63510
206667,59396
206667,63186
226662,1370
226662,30500
226662,56714
226662,11262
226662,39186
226662,62074
226662,33886
226662,1304
226662,35846
226662,63510
226662,57414
226662,59396
154011,1370
154011,56714
154011,11262
154011,1304
154011,10652
154011,63418
174468,1370
174468,30500
174468,56714
174468,11262
174468,1304
174468,35846
174468,63188
174468,63510
174468,57414
174468,62376
204780,1370
204780,30500
204780,56714
204780,16358
208788,30500
208788,56714
208788,11262
208788,39186
208788,57804
208788,124
208788,50274
208788,1304
208788,63188
208788,62944
208788,63510
208788,57414
208788,59396
208788,56696
208788,63538
211527,1370
211527,30500
211527,54096
211527,11262
211527,36720
211527,39186
211527,57804
211527,62074
211527,33886
211527,50274
211527,51974
211527,63188
211527,62944
211527,59394
211527,63510
211527,59396
211527,63136
234030,1370
234030,33886
234030,1304
234030,57414
72930,1370
72930,30500
72930,56714
72930,54096
72930,11262
72930,35732
72930,33886
72930,50274
72930,1304
72930,10652
72930,63188
72930,62944
72930,59394
72930,63510
72930,32496
72930,57414
72930,59396
72930,63418
186177,1370
186177,56714
186177,57804
186177,61280
186177,50274
186177,35846
186177,57414
186177,63360
186177,63136
203829,1370
203829,56714
203829,11262
203829,62074
203829,33886
203829,1304
203829,10652
203829,63510
203829,57414
203829,56696
203829,63418
211125,30500
211125,11262
211125,61280
211125,62944
211125,63510
211125,59396
224145,1370
224145,30500
224145,56714
224145,11262
224145,1304
224145,62944
224145,63510
224145,57414
224145,59396
237195,1370
237195,11262
237195,1304
237195,63188
237195,57414
237195,50718
211140,56714
211140,36720
211140,57804
211140,50274
211140,60
211140,10808
211140,51316
72108,1370
72108,11262
72108,62074
72108,1304
72108,63188
166437,30500
166437,56714
184950,1370
184950,30500
184950,56714
184950,33886
184950,1304
184950,50718
210186,56714
210186,11262
210186,63188
210186,63510
210186,63218
210186,59396
232065,56714
232065,54096
232065,10652
232065,63188
232065,57414
232065,63360
232065,54864
65640,1370
65640,30500
65640,56714
65640,11262
65640,1304
65640,63188
154275,1370
154275,56714
154275,11262
154275,1304
154275,35846
154275,62944
154275,57414
161667,56714
161667,33886
161667,35846
188844,1370
188844,56714
188844,54096
188844,11262
188844,35732
188844,62944
188844,63510
188844,57414
210834,1370
210834,56714
210834,33886
210834,50274
210834,10652
210834,63510
224169,1370
224169,30500
224169,56714
224169,54096
224169,11262
224169,35732
224169,39186
224169,124
224169,33886
224169,50274
224169,1304
224169,49888
224169,10652
224169,63188
224169,62944
224169,59394
224169,63510
224169,57414
195372,35732
195372,63360
198210,1370
198210,30500
198210,56714
198210,11262
198210,35732
198210,61280
198210,50274
211524,56714
211524,39186
211524,62074
211524,3382
211524,1304
211524,57414
211524,59396
211524,63538
211524,62860
231282,56714
231282,11262
231282,1304
231282,63510
231282,57414
66465,30500
66465,56714
66465,11262
66465,35732
66465,10652
66465,62944
66465,63510
66465,57414
96444,1370
96444,39186
96444,62074
96444,33886
96444,10652
96444,63510
155085,1370
155085,30500
155085,56714
155085,1304
196722,1370
196722,56714
196722,1304
196722,57414
220170,56714
220170,11262
220170,1304
220170,63510
220170,57414
128538,1370
128538,30500
128538,56714
128538,11262
128538,39186
128538,10652
128538,63188
128538,57414
128538,62860
196455,57414
196455,63136
208053,1370
208053,11262
225747,1370
225747,57414
61824,1370
61824,30500
61824,63188
61824,57414
166128,1370
166128,30500
166128,11262
166128,1304
166128,35846
166128,10652
166128,63188
166128,62944
166128,57414
194904,56714
194904,54096
194904,35732
194904,39186
194904,61280
194904,1304
194904,35846
194904,10652
194904,63188
194904,62944
194904,63510
194904,57414
194904,63360
194904,59396
194904,63136
197529,1370
197529,30500
197529,56714
197529,11262
197529,1304
197529,63510
197529,57414
197529,50718
203322,30500
203322,56714
203322,11262
203322,1304
203322,57414
208722,30500
208722,56714
208722,54096
208722,11262
208722,35732
208722,33886
208722,10652
208722,63510
208722,57414
208722,59396
154743,1370
154743,56714
154743,1304
154743,63188
181101,1370
181101,30500
181101,56714
181101,11262
181101,35732
181101,61280
181101,50274
181101,1304
181101,63188
181101,59394
181101,57414
181101,63538
206427,30500
206427,56714
206427,11262
206427,62074
206427,33886
206427,1304
206427,35846
206427,63218
206427,56696
206427,63418
225393,30500
225393,56714
225393,54096
225393,11262
225393,39186
225393,124
225393,33886
225393,33534
225393,63188
225393,62944
225393,59396
225393,62274
225393,56696
225393,63136
154890,1370
154890,30500
154890,56714
154890,11262
154890,39186
154890,33886
154890,50274
154890,1304
154890,35846
154890,10652
154890,63510
154890,57414
206697,56714
206697,36720
206697,39186
206697,33886
206697,50274
206697,10808
206697,1304
206697,59396
210114,1370
210114,56714
210114,1304
210114,63510
210114,50718
232404,30500
232404,56714
232404,62074
232404,57414
212301,30500
212301,56714
212301,11262
212301,39186
212301,33886
212301,50274
212301,49888
212301,63188
212301,63510
212301,57414
212301,63360
212301,59396
212301,63186
212301,56696
154032,1370
154032,30500
154032,35732
154032,36720
154032,1304
154032,35846
154032,10652
154032,57414
153669,63188
153669,63186
208350,1370
208350,1304
208350,35846
238293,56714
238293,54096
238293,11262
238293,62074
238293,124
238293,1304
238293,10652
238293,63188
238293,57414
238293,59396
157938,1370
157938,30500
157938,56714
157938,11262
157938,1304
157938,63510
200502,56714
200502,11262
200502,61280
200502,33886
200502,50274
200502,62944
200502,63510
200502,57414
200502,59396
200502,63186
208590,57414
201798,1370
201798,56714
201798,57414
208209,1370
208209,56714
208209,57414
227310,30500
227310,56714
227310,11262
227310,35732
227310,33886
227310,50274
227310,1304
227310,62944
227310,63510
227310,57414
227310,59396
66843,1370
66843,56714
66843,11262
66843,39186
66843,33886
66843,35846
66843,10652
66843,63510
66843,57414
66843,62274
212892,1370
212892,56714
212892,1372
212892,57414
236520,56714
236520,36720
236520,57804
236520,50274
236520,60
236520,10808
236520,51316
236520,59394
128526,1370
128526,56714
128526,39186
128526,62944
128526,57414
128526,59396
128526,63418
203889,11262
203889,1304
203889,63510
203889,57414
223554,30500
223554,56714
223554,11262
223554,1304
223554,63510
223554,57414
239217,1304
239217,57414
239217,50718
239217,63538
160770,11262
160770,1304
160770,63188
160770,63510
206664,11262
206664,1304
206664,63510
206664,63418
61344,1370
61344,56714
61344,39186
61344,10652
61344,63188
61344,63510
61344,57414
205188,1370
205188,1304
205188,50718
238263,1370
238263,56714
238263,62074
238263,1304
238263,57414
184635,1370
184635,30500
184635,56714
184635,54096
184635,1304
184635,63188
184635,62944
184635,63510
184635,57414
224526,1370
224526,11262
224526,33886
224526,1304
212232,56714
208533,57414
211476,1370
211476,11262
211476,1304
192564,1370
192564,30500
192564,39186
192564,16358
192564,33886
192564,33534
192564,63510
192564,63136
194388,1370
194388,30500
194388,56714
194388,11262
63867,1370
63867,56714
63867,1304
63867,63510
208524,1370
208524,30500
208524,56714
208524,54096
208524,11262
208524,35732
208524,36720
208524,39186
208524,57804
208524,61280
208524,50274
208524,1304
208524,10652
208524,62944
208524,63510
208524,57414
208524,59396
157224,1370
157224,30500
157224,56714
157224,11262
157224,35732
157224,16358
157224,50274
157224,1304
157224,10652
157224,62944
157224,59394
157224,63510
157224,57414
157224,59396
204771,16358
204771,33886
204771,33534
205122,30500
205122,56714
205122,11262
205122,1304
205122,63510
205122,57414
208506,11262
208506,1304
208506,63510
208506,57414
206439,1370
206439,30500
206439,11262
206439,62074
206439,1304
206439,63510
206439,57414
157680,1370
206943,56714
206943,54096
206943,39186
206943,57414
192714,1370
192714,56714
206451,56714
206451,63510
206451,57414
203199,1370
203199,1372
203199,1304
216948,56714
216948,63510
216948,57414
232269,1370
232269,30500
232269,56714
232269,1304
232269,62944
232269,63510
232269,63418
204411,1370
204411,30500
204411,54096
204411,11262
204411,10652
204411,63360
204411,63186
75723,1370
75723,1304
75723,35846
75723,10652
223104,1370
223104,30500
223104,63188
154119,1370
154119,39186
154119,10652
154119,63188
203073,1370
203073,56714
203073,11262
203073,35732
203073,16358
203073,33886
203073,49888
203073,10652
203073,63510
203073,57414
208872,1370
208872,30500
208872,11262
208872,39186
208872,1304
208872,35846
208872,62944
208872,57414
215298,56714
215298,57414
212469,1370
212469,56714
212469,11262
212469,62074
212469,50274
212469,35846
212469,57414
208566,11262
208566,1304
208566,57414
154869,1370
154869,1304
166995,1370
166995,56714
166995,35732
166995,63510
166995,57414
166995,63360
182565,1370
182565,30500
182565,56714
182565,11262
182565,35732
182565,36720
182565,61280
182565,33886
182565,50274
182565,1304
182565,10652
182565,62944
182565,63510
182565,57414
182565,63360
182565,59396
203268,1370
203268,30500
203268,11262
203268,62074
203268,63510
203268,57414
153960,30500
153960,63188
188604,63188
188604,63186
203295,56714
203295,11262
203295,33886
203295,1304
203295,63510
203295,57414
206346,1370
206346,30500
206346,56714
206346,11262
206346,35732
206346,39186
206346,50274
206346,54290
206346,1304
206346,63188
206346,62944
206346,63510
206346,57414
206346,59396
206346,63538
154485,1370
154485,11262
154485,57414
157416,1370
157416,56714
157416,11262
157416,1304
203316,1370
203316,56714
203316,11262
203316,63510
203316,57414
205662,30500
205662,56714
205662,11262
205662,35732
205662,1304
205662,63188
205662,62944
205662,63510
205662,57414
205662,63538
206406,1370
206406,30500
206406,56714
206406,11262
206406,35732
206406,62074
206406,33886
206406,1304
206406,63510
206406,57414
206406,63418
229977,1370
229977,56714
229977,39186
229977,33886
229977,10808
229977,10652
172695,1370
205740,56714
205740,57414
2061063,1370
2061063,30500
2061063,124
2061063,1304
2061063,63510
2061063,57414
206745,30500
206745,56714
208599,1370
208599,30500
208599,56714
208599,11262
208599,1304
208599,35846
208599,63510
208599,57414
229341,56714
229341,57414
186438,1370
186438,30500
186438,56714
186438,11262
186438,35732
186438,10652
186438,63188
186438,63510
186438,50718
208740,1370
208740,11262
208740,10652
208740,63510
208740,57414
227469,39186
227469,10652
227469,63188
227469,59394
227469,63510
227469,63360
230028,1370
230028,30500
230028,11262
230028,33886
230028,62944
230028,56696
242151,39186
242151,63188
242151,62944
128604,1370
128604,56714
128604,11262
128604,1304
128604,57414
190776,56714
190776,11262
190776,33886
190776,56696
206847,1370
206847,56714
206847,11262
206847,16358
206847,56696
210234,35732
211815,1370
211815,30500
211815,56714
211815,11262
211815,35732
211815,62074
211815,16358
211815,33886
211815,1372
211815,1304
211815,10652
211815,63188
211815,63510
211815,57414
213513,1370
213513,30500
213513,11262
213513,1304
213513,63510
213513,56696
242856,1370
242856,56714
242856,11262
242856,16358
242856,63188
64218,1370
64218,35732
64218,1304
64218,63188
64218,62944
64218,57414
64218,63538
181149,1370
181149,30500
181149,56714
181149,1304
181149,63188
181149,57414
225012,56714
225012,62944
225012,57414
203214,1370
203214,10652
203214,63188
63582,56714
63582,11262
63582,61280
63582,62074
63582,10652
63582,63510
63582,57414
63582,62274
183390,54096
183390,63188
203328,56714
203328,11262
203328,1304
212478,63510
207084,11262
207084,62074
207084,1304
207084,63188
207084,56696
209799,56714
209799,39186
209799,33886
209799,10808
209799,63510
209799,57414
209799,59396
221526,1370
221526,30500
221526,56714
221526,54096
221526,11262
221526,16358
221526,1304
221526,35846
221526,63510
155106,1370
184509,57414
224874,56714
224874,57804
224874,50720
224874,63186
154068,1370
154068,1304
154881,1370
154881,56714
154881,11262
154881,39186
154881,1304
154881,10652
154881,63188
154881,57414
186933,30500
186933,56714
186933,54096
186933,11262
186933,36720
186933,39186
186933,33886
186933,50720
186933,62944
186933,63510
186933,59396
222438,1370
222438,56714
222438,11262
222438,10652
222438,62944
222438,63510
222438,57414
222438,59396
186216,1370
186216,56714
186216,11262
186216,1304
208536,56714
208536,11262
208536,50718
224841,1370
224841,11262
224841,57414
235932,1370
235932,56714
235932,11262
235932,33886
235932,63188
235932,56696
207600,11262
207600,33886
207600,35846
207600,57414
210393,56714
210393,1304
210393,57414
72900,1370
72900,56714
72900,11262
72900,62074
72900,1304
72900,57414
161787,1370
161787,63188
161787,57414
208347,56714
208347,11262
208347,62074
208347,1304
208347,57414
208500,56714
208500,11262
208500,62074
208500,1304
208500,35846
208500,63188
208500,63510
208500,57414
208575,11262
208575,1304
208575,35846
208575,57414
181860,1370
210690,56714
210690,11262
210690,63510
210690,59396
236655,1370
236655,11262
236655,35732
236655,1304
236655,63188
129204,30500
129204,1304
129204,57414
198279,30500
198279,11262
198279,39186
198279,1304
198279,10652
198279,63510
25743,1370
25743,56714
25743,62074
25743,33886
25743,1304
25743,63188
25743,63510
25743,57414
25743,63186
212442,1370
212442,30500
212442,56714
212442,11262
212442,1304
212442,63188
212442,57414
212442,56696
129153,30500
129153,56714
129153,11262
129153,1304
129153,35846
129153,63510
129153,57414
208518,35732
208518,3382
208518,1304
208518,63510
208518,50718
208518,56696
208518,63538
208518,62378
210846,56714
210846,11262
210846,1304
210846,63510
210846,57414
155097,56714
155097,11262
155097,35732
155097,1304
155097,63188
155097,57414
232068,1370
232068,56714
232068,33886
232068,1304
238377,11262
238377,62074
238377,33534
238377,62944
238377,59396
203310,56714
203310,1304
203310,10652
203310,57414
203310,50718
211533,1370
211533,30500
211533,56714
211533,61348
211533,54096
211533,11262
211533,35732
211533,57804
211533,62074
211533,16358
211533,124
211533,60
211533,1304
211533,35846
211533,10652
211533,33534
211533,51974
211533,63188
211533,63510
211533,57414
211533,63218
211533,61540
238218,1370
238218,56714
203439,1370
203439,30500
203439,11262
203439,62074
203439,1304
203439,35846
203439,10652
203439,63510
203439,57414
128901,1370
128901,30500
128901,56714
128901,1304
164661,1370
164661,30500
164661,56714
164661,11262
164661,1304
164661,63510
164661,63186
230010,1370
230010,56714
230010,11262
230010,16358
230010,63188
230010,57414
223401,63510
223401,57414
228729,1370
228729,56714
228729,11262
228729,35732
228729,1304
228729,57414
208491,1370
208491,30500
208491,56714
208491,11262
208491,1304
208491,57414
208491,63538
208761,11262
208761,35732
208761,33886
208761,1304
208761,63510
240939,30500
240939,56714
240939,33886
240939,1304
240939,57414
164457,1370
164457,56714
164457,11262
164457,39186
164457,10652
164457,63188
164457,57414
164457,59396
208503,63510
208503,59396
212448,30500
212448,54096
212448,11262
212448,35732
212448,10652
212448,63188
212448,63510
212448,57414
212448,59396
212448,56696
211407,1370
211407,30500
211407,56714
211407,11262
211407,33886
211407,1304
64272,1370
64272,11262
64272,1304
64272,62944
67335,1304
67335,63188
206811,56714
206811,35732
206811,39186
206811,1304
206811,35846
206811,33534
206811,56696
241203,56714
241203,1304
129264,1370
129264,11262
129264,57414
129264,50718
129264,56696
157500,1370
157500,56714
157500,11262
157500,35732
157500,39186
157500,33886
157500,1304
157500,10652
157500,63188
157500,62944
157500,63510
157500,57414
157500,63360
203724,30500
203724,56714
203724,54096
203724,11262
203724,36720
203724,61280
203724,1304
203724,10652
203724,63188
203724,62944
203724,57414
203724,59396
209796,10808
209796,63188
209796,62944
209796,63510
209796,57414
209796,59396
238608,1370
238608,56714
238608,11262
238608,62074
238608,63510
238608,57414
208482,30500
208482,56714
208482,1304
208482,35846
208482,57414
189012,1370
189012,39186
189012,1304
189012,57414
140277,1370
140277,16358
208821,11262
208821,1304
236775,1370
236775,56714
236775,10652
236775,63188
236775,63510
153141,30500
153141,1304
183921,1370
183921,11262
183921,1304
212688,61348
212688,51974
208485,56714
208485,63538
225672,11262
225672,35732
225672,39186
225672,10652
225672,63188
225672,62944
203301,56714
203301,63510
203301,57414
212337,56714
212337,11262
212337,62074
212337,33886
229620,11262
229620,35732
229620,1304
229620,63510
242442,56714
242442,11262
242442,35732
242442,39186
242442,33886
242442,50274
242442,63188
242442,59394
242442,63510
242442,57414
242442,59396
242442,50718
246627,30500
246627,56714
246627,54096
246627,11262
246627,62074
246627,1304
246627,63510
246627,57414
246627,50718
206364,30500
206364,56714
206364,11262
206364,60
206364,1304
206364,51316
206364,62944
206364,63510
206364,57414
206364,59396
206364,62274
206364,56696
206364,63538
242232,56714
242232,11262
242232,39186
242232,57804
242232,62074
242232,1304
242232,62944
242232,63510
242232,57414
242232,62274
242232,63186
242232,50718
251253,33886
251253,1304
251643,1370
251643,30500
251643,56714
251643,11262
251643,1304
251643,10652
251643,63510
251643,62274
251643,53256
203142,1370
203142,30500
203142,56714
203142,11262
203142,62074
203142,57414
211473,1370
211473,30500
211473,11262
211473,35732
211473,63188
211473,57414
213885,56714
213885,54096
213885,35732
213885,39186
213885,57804
213885,50274
213885,62944
213885,63510
213885,59396
248013,1370
248013,30500
248013,62074
248013,63510
162984,1370
162984,30500
162984,11262
162984,35846
162984,63188
162984,56696
191556,1370
191556,35732
191556,63188
191556,57414
203106,11262
203106,33886
203106,1304
203106,35846
203106,63510
203106,57414
203106,59396
206304,1370
206304,10652
206304,63188
206304,63510
242619,1370
242619,56714
242619,11262
242619,1304
242619,57414
246054,1370
246054,56714
246054,11262
246054,33886
246054,63510
204276,1370
204276,11262
204276,33886
204276,1304
206748,30500
206748,56714
206748,54096
206748,11262
206748,35732
206748,36720
206748,39186
206748,62074
206748,124
206748,33886
206748,50274
206748,1304
206748,10652
206748,50720
206748,63188
206748,62944
206748,63510
206748,57414
206748,59396
206748,63186
233091,56714
233091,11262
233091,35732
233091,33886
233091,63510
233091,57414
244278,1370
244278,56714
244278,35732
244278,1304
244278,63188
244278,63510
244278,57414
197802,56714
197802,10652
197802,62944
197802,63510
206412,1370
206412,56714
206412,11262
206412,62074
206412,1304
209976,1370
209976,1304
209976,63510
209976,57414
223071,1370
223071,32496
237804,1370
237804,56714
237804,54096
237804,11262
237804,57804
237804,62074
237804,63188
237804,50718
237804,62860
247989,56714
247989,3382
247989,1304
247989,35846
248061,1370
248061,11262
248061,35732
248061,1304
248061,63510
248061,57414
251106,1370
251106,30500
251106,56714
251106,11262
251106,63510
229521,1370
229521,30500
229521,56714
229521,54096
229521,11262
229521,39186
229521,61280
229521,1304
229521,63188
229521,62944
229521,63510
229521,59396
250947,1370
250947,30500
250947,56714
250947,1304
250947,63510
250947,57414
250947,59396
162957,1370
162957,56714
162957,11262
162957,62074
162957,16358
162957,1304
176472,1370
176472,30500
176472,11262
176472,35732
176472,39186
176472,1304
176472,63188
176472,63510
176472,57414
243927,1370
243927,30500
243927,56714
243927,11262
243927,33886
243927,1372
243927,10652
243927,63510
243927,57414
243927,63360
187224,30500
187224,11262
187224,10652
187224,63510
233970,1370
233970,56714
233970,35732
233970,33886
233970,1372
233970,1304
233970,63510
248292,1370
248292,30500
248292,63510
248292,57414
248373,30500
248373,11262
248373,39186
248373,1304
248373,62944
248373,63510
248373,57414
248373,59396
249567,1370
249567,61280
249567,1304
249567,57414
203058,1370
203058,30500
203058,56714
203058,11262
203058,39186
203058,61280
203058,33886
203058,1304
203058,35846
203058,63188
203058,62944
203058,63510
203058,57414
203058,59396
184488,1304
207144,1370
207144,56714
207144,11262
207144,33886
249216,1370
249216,11262
252480,30500
252480,56714
252480,57414
206637,1370
206637,30500
206637,56714
206637,54096
206637,11262
206637,62074
206637,1304
206637,10652
206637,63510
206637,57414
206637,59396
206637,50718
206637,56696
206637,62860
222306,1370
222306,30500
222306,56714
222306,11262
222306,1304
222306,63510
231057,30500
231057,11262
231057,1304
231057,63188
231057,59396
244158,56714
244158,57414
207087,39186
207087,61280
207087,33886
207087,50274
207087,60
207087,51316
207087,62944
208899,56714
208899,11262
208899,35732
208899,33886
208899,1304
208899,57414
208899,59396
246099,1370
246099,30500
246099,56714
246099,39186
246099,1304
246099,63188
246099,63510
246099,57414
249579,1304
183387,1370
183387,30500
183387,56714
183387,11262
183387,35732
183387,1372
183387,10652
183387,62944
183387,63510
183387,57414
250434,1370
250434,30500
250434,56714
250434,11262
250434,35732
250434,62074
250434,16358
250434,50274
250434,1304
250434,35846
250434,10652
250434,63188
250434,63510
250434,57414
250434,63360
250434,63186
241305,1370
241305,30500
241305,56714
241305,11262
241305,1304
241305,10652
241305,62944
241305,63510
241305,59396
249633,1370
249633,30500
249633,56714
249633,11262
249633,35732
249633,33886
249633,1304
249633,35846
249633,10652
249633,63188
249633,63510
249633,57414
249633,63538
250275,11262
250275,62074
250275,33886
250275,35846
250275,62944
250275,57414
250275,56696
66924,1370
211386,1370
211386,30500
211386,56714
211386,57414
246804,1370
246804,11262
246804,1304
191247,1370
191247,30500
191247,56714
191247,11262
191247,35732
191247,16358
191247,1304
191247,35846
191247,63510
191247,57414
191247,59396
191247,56696
222516,1304
223782,1370
223782,30500
223782,56714
223782,11262
223782,1372
223782,1304
223782,63510
223782,57414
223782,50718
163101,1370
163101,30500
163101,56714
163101,35732
163101,39186
163101,33886
163101,1304
163101,63188
163101,62944
163101,32496
163101,57414
163101,63360
248178,30500
248178,56714
248178,1304
248178,57414
249930,1370
249930,56714
249930,11262
249930,62074
249930,1304
249930,10652
249930,63188
249930,63510
249930,57414
249930,56696
213102,1370
213102,56714
213102,11262
213102,39186
213102,62074
213102,1304
213102,10652
213102,62944
213102,57414
213102,63136
221331,1370
221331,56714
221331,54096
221331,57414
221331,59396
187263,1370
187263,11262
187263,10652
187263,63538
197835,1370
197835,30500
197835,56714
197835,11262
197835,62074
197835,63510
197835,57414
96138,1370
96138,35732
206673,11262
206673,62074
206673,1304
206673,62944
206673,63510
206673,57414
227292,30500
227292,56714
227292,39186
227292,62074
227292,63188
227292,63510
251829,54096
251829,1304
251829,62944
251829,63510
251829,63186
206979,1370
206979,11262
206979,62944
206979,59396
249207,1370
206856,11262
206856,62074
206856,62944
206856,57414
232029,1370
232029,56714
232029,63188
200259,1370
200259,56714
200259,11262
200259,1304
200259,63188
186327,30500
186327,1304
186327,63188
247956,1370
247956,56714
247956,11262
247956,35732
247956,35846
247956,10652
247956,57414
183666,1370
183666,11262
183666,33886
183666,1304
183666,32496
206928,56714
206928,63186
206928,50718
206928,63538
206928,62860
165183,1370
165183,56714
165183,35732
206355,1370
206355,11262
173796,1370
173796,57414
231876,1370
231876,30500
231876,56714
231876,11262
231876,33886
231876,63510
72117,1370
72117,30500
72117,56714
72117,54096
72117,11262
72117,63188
72117,57414
203145,1370
203145,56714
203145,11262
203145,35732
203145,33886
203145,63510
203145,57414
203145,63418
236766,1370
203646,1370
203646,30500
203646,56714
203646,59396
211638,11262
211638,62074
211638,33534
161208,1370
161208,35846
244041,1370
248301,1370
248301,30500
248301,56714
248301,11262
248301,35732
248301,10652
248301,63188
248301,63510
248301,57414
231144,56714
231144,11262
231144,62944
231144,63510
231144,62274
67764,1370
67764,11262
212745,1370
212745,16358
206868,1370
206868,56714
206868,11262
206868,62074
206868,48298
206868,1304
206868,35846
206868,63188
206868,57414
206868,63186
67314,1370
206784,11262
206784,62074
206784,33886
206784,63188
206784,56696
208758,1370
208758,56714
208758,57804
208758,33886
208758,10652
208758,63510
208488,1370
208488,30500
208488,56714
208488,11262
208488,35732
208488,39186
208488,35846
208488,63188
208488,57414
208488,59396
72561,1370
72561,11262
72561,1304
72561,57414
187221,56714
187221,1304
252066,11262
252066,57804
252066,10652
252066,63510
66918,1370
66918,1304
66918,63188
174279,1370
237252,1304
237252,50718
249342,30500
249342,56714
249342,11262
249342,62074
249342,33886
249342,1304
249342,57414
227238,1370
249486,56714
249486,11262
249486,62074
249486,33886
249486,1304
249486,59394
249486,63510
249486,57414
165045,30500
165045,11262
165045,39186
165045,10652
165045,62944
165045,63510
225390,1370
225390,11262
206988,30500
206988,56714
206988,11262
206988,62074
206988,1304
206988,63188
206988,57414
206988,63186
206988,56696
244680,1370
244680,30500
244680,56714
244680,11262
244680,35732
244680,62074
244680,16358
244680,10652
244680,63188
244680,63510
244680,57414
244680,63538
183468,1370
183468,30500
183468,11262
183468,63188
183468,63510
183468,56696
222204,1370
222204,30500
222204,56714
222204,11262
222204,1304
222204,62944
222204,63510
222204,57414
222204,59396
222204,50718
222204,63538
157767,1370
157767,56714
157767,35732
157767,1304
171702,1370
171702,30500
171702,1304
171702,63188
171702,63418
181662,1370
181662,1304
181662,10652
181662,63510
181662,57414
205191,30500
205191,56714
205191,39186
205191,10808
205191,1304
205191,63188
205191,57414
232656,11262
232656,1304
232656,57414
203184,1370
203184,10652
203184,50718
203280,1370
203280,10652
156063,1370
156063,30500
156063,56714
156063,10808
156063,1304
156063,35846
165132,1370
165132,11262
165132,1304
195771,1370
195771,11262
195771,33886
195771,1304
195771,62944
177672,1370
177672,30500
177672,56714
177672,11262
177672,33886
177672,59396
207588,1304
210000,1370
210000,63188
231225,1370
231225,56714
231225,62074
231225,33886
231225,63188
64365,56714
64365,11262
64365,50274
154998,11262
154998,35732
154998,33886
154998,1304
231708,1370
231708,11262
231708,63510
231708,57414
166356,33886
166356,1304
166356,63510
208554,1370
208554,30500
208554,56714
208554,63510
221409,56714
221409,1304
221409,63188
228687,56714
228687,63510
244644,11262
244644,35732
64959,1370
64959,63510
195249,1370
195249,30500
195249,16358
195249,1304
218673,30500
218673,56714
238032,1370
238032,30500
238032,56714
238032,11262
238032,35732
238032,39186
238032,124
238032,33886
238032,3382
238032,10652
238032,63510
238032,32496
238032,57414
238032,62274
238032,50718
238032,63418
163044,1370
163044,30500
163044,10652
184710,1370
184710,1304
203733,1370
203733,56714
203733,11262
203733,33886
203733,1304
203733,57414
205665,11262
205665,33886
205665,1304
205665,63510
77484,1370
77484,30500
77484,56714
77484,54096
77484,11262
77484,35732
77484,39186
77484,1304
77484,35846
77484,10652
77484,63188
77484,62944
77484,63510
77484,32496
77484,57414
154803,1370
154803,35732
154803,1304
154803,63188
234555,11262
234555,62074
234555,63510
234555,62860
244287,1370
244287,56714
244287,63188
244287,62944
244287,57414
244287,59396
162603,1370
162603,30500
162603,56714
162603,11262
162603,1304
162603,62944
162603,63510
162603,57414
207330,1370
207330,56714
207330,1304
207330,35846
207330,63188
207330,57414
207330,63186
207330,56696
247974,35732
247974,10652
247974,63510
247974,53046
154956,1370
154956,11262
154956,35732
154956,39186
154956,1304
154956,63188
154956,57414
154956,63186
172719,1370
172719,11262
172719,1304
172719,63510
172719,50718
176319,1370
176319,1304
176319,10652
176319,63188
176319,55632
176319,57414
234864,1370
234864,56714
234864,10652
245631,33886
245631,1304
245631,63188
245631,57414
178938,63188
210933,60
210933,51316
226623,1370
226623,56714
226623,57414
72918,1370
72918,56714
72918,11262
72918,33886
72918,1304
72918,10652
72918,63188
72918,63510
72918,57414
203256,1370
203256,1304
203256,10652
203256,62944
203256,63510
203256,57414
203256,59396
248202,30500
248202,56714
248202,11262
248202,35732
248202,62074
248202,1304
248202,10652
248202,63188
248202,50718
200508,1370
200508,35732
200508,1304
200508,63188
162795,1304
162795,35846
165312,1370
165312,1304
186987,11262
186987,1304
186987,63510
248250,1370
248250,63510
248250,57414
230178,1370
230178,11262
230178,35732
230178,63510
237765,56714
237765,1304
242610,59396
224931,30500
224931,56714
224931,63188
195723,1370
195723,56714
195723,1304
195723,62944
195723,62378
244878,56714
244878,11262
244878,1304
208515,63510
232614,1370
158274,1370
158274,30500
158274,56714
158274,11262
158274,57414
158274,59396
155388,1304
155388,57414
155388,62274
203247,1370
203247,10652
186078,1370
186078,16358
186078,1304
186078,57414
208584,1304
171372,1370
171372,63188
218061,11262
218061,1304
218061,10652
218061,57414
203532,56714
203532,1304
203532,63188
203532,62944
203532,59394
203532,63510
203532,57414
203574,63510
203574,57414
176577,1370
176577,11262
191238,10652
191238,63510
207597,1370
207597,33886
206448,30500
206448,56714
206448,11262
206448,33886
206448,1304
223089,57804
223089,60
223089,10808
183672,39186
183672,1304
183672,63360
157854,56714
157854,50274
157854,63188
217752,1370
217752,11262
217752,1304
217752,63188
217752,63510
199860,30500
199860,56714
199860,11262
199860,1304
199860,10652
199860,62944
199860,63510
199860,57414
199860,59396
193965,56714
193965,33886
193965,10652
154506,1370
154506,63188
154506,57414
199854,1370
199854,56714
199854,54096
199854,11262
199854,62074
199854,63510
199854,57414
199854,63360
238827,1370
238827,11262
206415,1370
206415,56714
206415,11262
206415,62074
206415,33886
206415,1304
206415,63188
206415,57414
207105,56714
207105,11262
207105,33886
209094,63188
196311,33886
154476,1370
154476,35732
154476,1304
154476,10652
154476,63510
154476,57414
187743,1370
187743,1304
207096,56714
207096,11262
207096,33886
207096,1304
206823,1370
206823,30500
206823,56714
206823,11262
206823,56696
238572,33886
238572,50718
206478,62944
227616,1370
227616,30500
227616,11262
227616,33886
227616,1304
227616,35846
227616,63188
227616,57414
68568,1370
68568,63188
156486,1370
156486,56714
156486,35732
156486,39186
156486,1304
156486,35846
156486,62944
156486,63510
164970,11262
164970,63188
197799,1370
197799,30500
206625,1370
206625,30500
206625,11262
206625,1304
206625,33534
154770,30500
154770,56714
154770,1304
154770,63510
154770,57414
153150,1370
153150,56714
167451,1370
167451,35732
167451,10652
153402,11262
153402,10652
153402,57414
155031,35732
155031,63188
211413,30500
211413,11262
211413,10652
211413,63188
211413,63510
211413,57414
67371,1370
67371,35732
67371,1304
67371,35846
158658,1370
158658,30500
158658,56714
158658,11262
158658,35732
158658,57414
153645,1370
153645,11262
203670,1370
203670,11262
203670,10652
206475,60
206475,63188
222750,1370
222750,39186
222750,1304
222750,63188
222750,63510
187395,1370
187395,11262
187395,1304
186882,1370
186882,56714
186882,11262
186882,1304
186882,63188
186882,57414
210897,1370
210897,11262
210897,57414
228753,1370
228753,11262
188100,1370
188100,30500
188100,35732
188100,1304
188100,10652
188100,63188
188100,63510
202638,11262
202638,57414
153315,11262
153315,1304
179088,1304
210882,1370
210882,30500
210882,56714
210882,11262
210882,1304
210882,57414
210882,63538
153204,1370
153204,30500
153204,11262
153204,1304
153204,63188
211236,62074
221151,30500
221151,35732
221151,1304
63690,56714
63690,11262
63690,1304
204243,1370
204243,63510
165915,1370
165915,57414
165915,50718
153885,1370
153885,30500
153885,56714
153885,11262
153885,1304
153885,63188
153885,57414
181203,56714
181203,3382
181203,1304
181203,50718
223389,56714
178257,1370
178257,56714
178257,11262
178257,1304
178257,57414
56871,1370
56871,56714
56871,35732
56871,10652
207465,56714
207465,33886
246720,1304
246720,10652
246720,57414
210051,1370
210051,56714
210051,11262
210051,57804
210051,1304
210051,57414
220218,1370
220218,56714
220218,63510
220218,57414
220218,59396
210633,1370
210633,11262
67740,11262
67740,1304
64893,63188
64893,57414
238878,1370
238878,11262
238878,1304
238878,10652
238878,63188
238878,63510
238878,57414
238878,50718
238878,63540
161058,1370
161058,1304
161058,35846
161058,57414
235335,54096
235335,11262
235335,39186
235335,33886
235335,10652
235335,62944
235335,63360
235335,50718
209880,30500
209880,33886
209880,10652
209880,63510
209880,57414
186951,1370
186951,56714
186951,1304
172590,1370
172590,1304
153999,1370
153999,11262
153999,1304
65058,1370
65058,56714
65058,11262
65058,1304
65058,63188
65058,57414
196302,11262
196302,35732
196302,39186
196302,59822
196302,63188
196302,57414
196302,50718
200964,54096
200964,61280
200964,33886
200964,10652
200964,62944
200964,63510
200964,50718
64353,1370
64353,11262
64353,1304
229536,30500
229536,39186
229536,10652
240990,1370
240990,30500
240990,56714
240990,57414
69249,1370
192942,1370
192942,56714
192942,11262
192942,39186
192942,62074
192942,33886
192942,1304
192942,57414
223728,1370
223728,56714
223728,11262
223728,35732
223728,16358
223728,1304
223728,63188
223728,62944
223728,59396
183813,54096
183813,11262
183813,63188
183813,57414
175815,1370
175815,16358
166002,1370
166002,30500
166002,11262
166002,11490
166002,1304
123150,1370
123150,11262
123150,1304
166029,30500
166029,11262
166029,39186
166029,1304
166029,63188
166029,63510
208692,1370
208692,56714
208692,35732
68496,11262
68496,1304
68496,62944
68496,63510
68496,57414
220632,1370
220632,11262
220632,16358
208812,1370
208812,30500
208812,56714
208812,11262
208812,62376
209793,1304
209793,63188
209793,56696
206646,11262
206646,56696
192768,1370
192768,11262
192768,62074
192768,1304
192768,10652
192768,63510
192768,57414
211761,1370
211761,56714
211761,11262
211761,1304
211761,57414
204375,30500
204375,54096
204375,11262
204375,63188
204375,63510
204375,57414
204375,63186
233559,1370
233559,1304
214968,1370
214968,11262
214968,10652
214968,57414
186942,1304
186942,35846
186942,56696
208794,1370
208794,11262
208794,16358
208794,1304
212586,49888
212586,63188
212586,57414
207498,30500
207498,63510
245976,1370
245976,39186
245976,1304
245976,57414
198981,1370
198981,30500
198981,56714
198981,11262
198981,39186
198981,62074
198981,1304
198981,63188
198981,57414
226848,1370
226848,30500
226848,1304
171684,1370
171684,33886
171684,1304
171684,63510
207999,1370
207999,56714
207999,11262
207999,16358
207999,1304
207999,10652
207999,63510
207999,56696
182295,1370
182295,1304
165684,62074
165684,10652
165684,33534
165684,62944
165684,57414
64845,1370
64845,1304
64845,63188
203166,1370
203166,30500
203166,11262
203166,35732
203166,33886
203166,59822
203166,10652
203166,62944
203166,63510
203166,57414
227670,1370
227670,30500
227670,56714
227670,11262
227670,50274
227670,10652
227670,63510
208116,1370
208116,62074
153438,1370
153438,11262
153438,35732
153438,1304
153438,63188
153438,57414
250020,1370
250020,11262
250020,16358
250020,1304
250020,63510
250020,57414
205332,1370
205332,54096
205332,11262
205332,35732
205332,1304
205332,63188
155034,1304
244731,30500
244731,11262
244731,61280
244731,124
244731,33886
244731,50274
244731,10652
244731,59394
244731,63510
244731,63360
244731,59396
250653,30500
250653,56714
250653,11262
250653,35732
250653,62074
250653,33886
250653,10652
250653,62944
250653,63510
250653,57414
250653,59396
167136,1370
167136,56714
167136,11262
244971,30500
244971,56714
244971,39186
180471,56714
242505,1370
242505,1304
217002,50274
217002,62944
210342,1370
210342,56714
210342,62074
210342,33534
210342,63188
210342,57414
153138,1370
153138,56714
153138,35732
153138,33886
153138,1304
153138,63188
234951,56714
234951,50274
234951,57414
247548,62074
247548,1304
250221,1370
250221,30500
250221,56714
250221,11262
250221,35732
250221,16358
250221,1304
250221,33534
250221,57414
251085,30500
251085,1304
251085,57414
244005,1370
244005,30500
244005,56714
244005,54096
244005,63188
244005,63186
246711,1370
246711,56714
246711,3382
246711,10652
246711,63188
246711,62944
246711,63510
246711,57414
68676,1370
68676,11262
68676,1304
251625,1370
251625,56714
251625,11262
251625,61280
251625,50274
251625,57414
251625,59396
199242,56714
199242,57804
199242,16358
199242,11490
199242,10652
199242,63188
219030,1370
219030,33886
219030,63510
250629,30500
250629,11262
250629,63510
250629,57414
251235,1370
251235,30500
251235,56714
251235,35732
251235,63510
198855,56714
198855,63188
216822,1370
216822,30500
216822,56714
216822,11262
216822,11490
216822,1304
216822,10652
216822,62944
216822,57414
248796,56714
248796,54096
248796,11262
248796,57804
248796,54290
248796,10652
248796,53386
248796,59396
248796,63418
219132,1370
219132,56714
219132,11262
219132,1304
219132,35846
219132,10652
219132,63188
219132,63510
248871,1304
251442,1370
251442,30500
251442,54096
251442,11262
251442,35732
251442,39186
251442,33886
251442,1304
251442,10652
251442,63188
251442,62944
251442,63510
251442,57414
175878,56714
175878,1304
248724,1370
248724,30500
248724,56714
248724,11262
248724,63510
204717,56714
204717,11262
204717,33886
204717,10652
204717,63510
252405,56714
252405,11262
252405,33886
159330,1370
159330,56714
159330,1304
167364,11262
167364,61280
167364,33886
167364,62944
167364,57414
211344,56714
249063,56714
249063,57414
251169,1370
251169,11262
251169,1304
224211,1370
224211,30500
224211,56714
224211,54096
224211,63188
224211,62944
224211,63510
69060,1370
69060,56714
69060,57414
154509,1370
154509,11262
154509,1304
250974,30500
250974,56714
250974,32496
154665,59396
248550,1370
248550,56714
203727,1304
203727,57414
247374,1370
247374,11262
247374,57414
249222,30500
198873,56714
198873,11262
198873,50274
198873,62944
198873,57414
203151,1370
203151,56714
153084,1370
153084,35732
153084,33886
153084,1304
153084,63188
153084,57414
154560,1304
182556,1304
246915,1370
246915,35732
246915,1304
173667,11262
173667,35732
173667,33886
228948,1304
228948,63188
228948,63186
247134,1370
247134,11262
155052,1304
195447,1370
195447,56714
195447,11262
203454,1370
203454,56714
203454,16358
203454,63510
203454,57414
203454,63186
219450,1370
219450,30500
219450,56714
219450,11262
219450,16358
219450,1304
219450,35846
219450,63188
219450,57414
219450,56696
243546,1370
243546,30500
243546,56714
243546,11262
243546,33886
243546,1304
204189,1370
204189,30500
204189,54096
204189,11262
204189,35732
204189,36720
204189,39186
204189,57804
204189,16358
204189,124
204189,33886
204189,50274
204189,3382
204189,54290
204189,48298
204189,1304
204189,35846
204189,10652
204189,63188
204189,62944
204189,59394
204189,63510
204189,32496
204189,59396
204189,63186
204189,48980
155100,1370
155100,1304
203055,1370
155337,1370
155337,11262
155337,1304
155337,10652
219231,11262
219231,61280
219231,33886
207822,1370
207822,10652
207822,63510
181371,1370
181371,56714
181371,35732
181371,62074
181371,57414
181371,50718
227829,11262
227829,33886
227829,1304
227829,63188
177873,56714
177873,1304
208068,30500
208068,56714
154821,30500
154821,33886
154821,10652
194601,30500
194601,36720
194601,61280
194601,33886
194601,48298
194601,1304
206514,56714
206514,62944
206514,63510
206514,59396
206514,56696
153867,1370
153867,56714
153867,1304
153867,10652
153867,63188
153867,57414
209829,1370
209829,1304
200364,57414
223776,30500
223776,11262
223776,63510
223776,59396
65052,1370
65052,30500
65052,35732
65052,63510
210978,1370
210978,30500
210978,56714
210978,11262
210978,39186
210978,57804
210978,63188
210978,63510
210627,1370
210627,30500
210627,56714
210627,11262
210627,62074
210627,10652
210627,63188
212445,56714
212445,11262
212445,35732
212445,36720
212445,57804
212445,61280
212445,33886
212445,50274
212445,62944
212445,63510
212445,59396
207267,35846
207267,57414
207267,59396
63876,1304
166362,1370
166362,56714
166362,35732
220302,11262
220302,33886
220302,1304
220302,35846
220302,63510
195582,1370
195582,30500
195582,56714
195582,33886
154035,1370
154035,10652
60762,36720
60762,57804
60762,50274
212637,11262
212637,63510
153423,1370
154518,1370
154518,1304
154518,63188
153279,11262
153279,1304
233427,1370
188685,30500
188685,11262
188685,1304
163578,1370
64860,30500
64860,11262
183675,56714
183675,1304
183675,57414
183675,50718
149634,1304
203784,1370
203784,1304
203784,63188
203784,57414
238875,1370
238875,56714
238875,11262
238875,35732
238875,1372
242412,30500
242412,56714
242412,11262
242412,39186
242412,1304
242412,63188
242412,62944
242412,63510
242412,57414
242412,59396
249981,1370
249981,56714
249981,11262
249981,35732
249981,33886
249981,57414
251967,11262
251967,39186
251967,33886
246618,56714
246618,11262
246618,35732
246618,35846
246618,56696
215247,36720
215247,39186
215247,61280
215247,61540
154740,1370
154740,56714
154740,11262
154740,35732
154740,62074
207147,56714
207147,1304
195894,1370
195894,56714
195894,1304
195894,57414
252057,50274
183786,1370
183786,11262
183786,10652
183786,63538
251631,1370
251631,30500
251631,56714
251631,39186
251631,61280
251631,33886
251631,50274
251631,1304
251631,10652
251631,63188
251631,62944
251631,63510
251631,57414
251631,59396
226140,63360
247002,11262
247002,62944
247002,63510
247002,62274
249294,11262
249294,33886
249294,1304
249294,63510
249687,1370
249687,56714
249687,11262
249687,63188
249687,62944
249687,63510
248205,1370
248205,62944
248205,57414
248205,59396
247962,30500
247962,56714
247962,11262
247962,57804
247962,124
247962,63510
247962,59396
251619,30500
251619,56714
251619,54096
251619,11262
251619,39186
251619,62074
251619,124
251619,1304
251619,10652
251619,63188
251619,63510
251619,57414
251619,59396
251619,63418
250362,1370
250362,39186
232452,1370
232452,54096
232452,63188
232452,57414
184113,1370
184113,56714
184113,35732
184113,63188
184113,62944
184113,63510
184113,57414
184113,50718
154494,1370
154494,11262
154494,35732
154494,33886
154494,63510
213987,56714
192756,35732
192756,33886
192756,1304
192756,50718
227295,1370
227295,11262
227295,35732
227295,39186
227295,62074
227295,1304
227295,57414
227295,50718
155403,1370
155403,30500
155403,56714
155403,11262
155403,33886
155403,1304
155403,63188
155403,63510
204483,1370
204483,1304
204483,57414
148782,33886
148782,63510
148782,57414
246963,1370
246963,30500
246963,56714
246963,54096
246963,11262
246963,39186
246963,62074
246963,16358
246963,50274
246963,10808
246963,10652
246963,63188
246963,63510
246963,32496
246963,59396
249855,56714
249855,11262
249855,33886
249855,1304
246858,30500
246858,11262
246858,35732
246858,63510
247986,56714
247986,57414
153888,1370
153888,30500
153888,11262
153888,1304
153888,62944
153888,57414
198792,1370
198792,1304
156024,1370
156024,10652
156024,63188
211812,56714
235458,30500
235458,11262
235458,50274
235458,63188
235458,63510
197676,1370
197676,11262
197676,33886
197676,1304
197676,10652
197676,63188
197676,63510
197676,57414
204054,54096
204054,10808
205947,1370
251142,1370
251142,35732
175239,11262
175239,1304
175239,63510
206484,30500
206484,56714
206484,11262
206484,35732
206484,16358
206484,33886
206484,1304
206484,10652
206484,63188
206484,63510
206484,57414
206484,59396
206484,63186
206484,50718
243477,1370
243477,1304
243477,63188
246216,56714
246216,11262
246216,57414
162792,1370
162792,1304
162792,63188
246150,1370
246150,30500
246150,56714
246150,35732
246150,10808
246150,63188
246150,57414
246150,63360
167514,30500
167514,11262
206481,30500
206481,54096
206481,11262
206481,39186
206481,63188
206481,63510
206481,63218
206481,63186
238611,1370
238611,11262
245046,30500
245046,11262
249297,1370
249297,63188
153720,1370
153720,1304
153720,63188
215985,30500
215985,11262
215985,63510
215985,56696
249159,1370
249159,30500
249159,56714
249159,10652
251610,1370
251610,56714
251610,11262
251610,35732
251610,1304
251610,10652
251610,63188
251610,62944
251610,63510
251610,63538
253098,1370
253098,30500
253098,11262
253098,1304
253098,63510
210408,1370
210408,30500
210408,11262
210408,1304
210408,63188
250782,11262
250782,50274
250749,11262
250749,36720
249795,1370
249795,30500
249795,11262
249795,1304
249795,63510
249513,1370
249513,56714
249513,1304
201030,30500
201030,54096
201030,11262
201030,39186
201030,16358
201030,124
201030,49888
201030,35846
201030,33534
201030,63510
201030,32496
201030,62274
252210,1370
252210,30500
252210,56714
252210,11262
252210,39186
252210,10652
252210,63510
252210,57414
252210,59396
252177,1370
252177,62944
214194,11262
214194,62074
214194,1304
253146,39186
253146,1304
253146,10652
253146,56696
251202,30500
251202,11262
251202,62944
251202,63510
252618,11262
252618,57414
252618,63418
251493,1370
251493,56714
251493,62074
251493,33886
251721,56714
251721,63510
253557,11262
253557,124
253557,10652
253557,63360
253557,63418
212574,1370
212574,30500
212574,11262
253335,1370
253335,1304
